{
    "Angel" : {
        "email" : "stone@meekness.com",
        "nombre" : "Angel",
        "apellido" : "Sherise Shortt",
        "dni" : "2943522",
        "telefono" : "8148378252",
        "sexo" : "Masculino",
        "edad" : "64"
    },
  "Carlos" : {
    "email" : "trinanda_lestyowati@telkomsel.co.id",
    "nombre" : "Carlos",
    "apellido" : "Kelly Alexander",
    "dni" : "5925317",
    "telefono" : "7021549476",
    "sexo" : "Masculino",
    "edad" : "55"
  },
  "Andres" : {
    "email" : "ca-tech@dps.centrin.net.id",
    "nombre" : "Andres",
    "apellido" : "Brendan Ballance",
    "dni" : "7575577",
    "telefono" : "9110520355",
    "sexo" : "Masculino",
    "edad" : "36"
  },

  "Camilo" : {
    "email" : "asst_dos@astonrasuna.com",
    "nombre" : "Camilo",
    "apellido" : "Juan Adams",
    "dni" : "2217979",
    "telefono" : "5046756475",
    "sexo" : "Masculino",
    "edad" : "29"
  },

  "Cesar" : {
    "email" : "achatv@cbn.net.id",
    "nombre" : "Cesar",
    "apellido" : "Nicole Lee",
    "dni" : "6114297",
    "telefono" : "8758331711",
    "sexo" : "Masculino",
    "edad" : "22"
  },
  "Daniela" : {
    "email" : "info@houseofbali.com",
    "nombre" : "Daniela",
    "apellido" : "Mildred Powell",
    "dni" : "1690972",
    "telefono" : "8060576924",
    "sexo" : "Femenino",
    "edad" : "76"
  },
  "Damian" : {
    "email" : "luha89@yahoo.com",
    "nombre" : "Damian",
    "apellido" : "Gerald Ward",
    "dni" : "3998146",
    "telefono" : "3214568540",
    "sexo" : "Masculino",
    "edad" : "25"
  },
  "Elias" : {
    "email" : "bondps@bonansatours.com",
    "nombre" : "Elias",
    "apellido" : "Steve Brown",
    "dni" : "3546986",
    "telefono" : "9915956360",
    "sexo" : "Masculino",
    "edad" : "74"
  },
  "Eliana" : {
    "email" : "pamilu@mas-travel.com",
    "nombre" : "Eliana",
    "apellido" : "Martha Perry",
    "dni" : "5846791",
    "telefono" : "6415808155",
    "sexo" : "Femenino",
    "edad" : "49"
  },
  "Raul" : {
    "email" : "gorisata@indosat.net.id",
    "nombre" : "Raul",
    "apellido" : "Barbara Parker",
    "dni" : "4662405",
    "telefono" : "6331904531",
    "sexo" : "Masculino",
    "edad" : "56"
  },
  "Richard" : {
    "email" : "rido@weddingku.com",
    "nombre" : "Richard",
    "apellido" : "Carolyn Morgan",
    "dni" : "3920724",
    "telefono" : "6623472682",
    "sexo" : "Masculino",
    "edad" : "68"
  },
  "Rihana" : {
    "email" : "sales@legianbeachbali.com",
    "nombre" : "Rihana",
    "apellido" : "Randy Gonzales",
    "dni" : "0652707",
    "telefono" : "7434311183",
    "sexo" : "Femenino",
    "edad" : "40"
  },
  "Salvador" : {
    "email" : "ndbconvex@bagus-discovery.com",
    "nombre" : "Salvador",
    "apellido" : "Morante Escolante",
    "dni" : "4226576",
    "telefono" : "7212852554",
    "sexo" : "Masculino",
    "edad" : "56"
  },
  "Silvana" : {
    "email" : "info@indographs.com",
    "nombre" : "Silvana",
    "apellido" : "Sharon Butler",
    "dni" : "9172871",
    "telefono" : "9088973244",
    "sexo" : "Femenino",
    "edad" : "58"
  },
  "Tatiana" : {
    "email" : "villaseminyak@eksadata.com",
    "nombre" : "Tatiana",
    "apellido" : "Amanda Hughes",
    "dni" : "5736895",
    "telefono" : "4818236118",
    "sexo" : "Femenino",
    "edad" : "60"
  },
  "Tazadar" : {
    "email" : "project@balihai-rsort.com",
    "nombre" : "Tazadar",
    "apellido" : "Annie Carter",
    "dni" : "8523197",
    "telefono" : "9088973244",
    "sexo" : "Masculino",
    "edad" : "19"
  },
  "Humberto" : {
    "email" : "balibless@padmaubud.biz",
    "nombre" : "Humberto",
    "apellido" : "Louis Griffin",
    "dni" : "4343008",
    "telefono" : "5472221099",
    "sexo" : "Masculino",
    "edad" : "24"
  },
  "Jonan" : {
    "email" : "pitamaha@indosat.net.id",
    "nombre" : "Jonan",
    "apellido" : "Diana Brooks",
    "dni" : "5611074",
    "telefono" : "8007079723",
    "sexo" : "Masculino",
    "edad" : "41"
  },
  "Camila" : {
    "email" : "ubud@pansea.com",
    "nombre" : "Camila",
    "apellido" : "Sarah Smith",
    "dni" : "6165780",
    "telefono" : "5618126091",
    "sexo" : "Femenino",
    "edad" : "21"
  },
  "Miguel" : {
    "email" : "sahidbl@indosat.net.id",
    "nombre" : "Miguel",
    "apellido" : "Shirley Harris",
    "dni" : "2832157",
    "telefono" : "6525363514",
    "sexo" : "Masculino",
    "edad" : "19"
  },
  "Leonardo" : {
    "email" : "kawasspa@indosat.net.id",
    "nombre" : "Leonardo",
    "apellido" : "Gloria Wright",
    "dni" : "4294869",
    "telefono" : "9300825237",
    "sexo" : "Masculino",
    "edad" : "40"
  },
  "Ximena" : {
    "email" : "agus.amirudin@wilmar.co.id",
    "nombre" : "Ximena",
    "apellido" : "Harry Kelly",
    "dni" : "3895890",
    "telefono" : "4901268262",
    "sexo" : "Femenino",
    "edad" : "27"
  },
  "Diana" : {
    "email" : "stadiumcafe@indonet.id",
    "nombre" : "Diana",
    "apellido" : "Lillian Lewis",
    "dni" : "2743861",
    "telefono" : "4232285855",
    "sexo" : "Femenino",
    "edad" : "41"
  },

"Elizabeth" : {
    "email" : "andy@ritzcarlton-bali.com",
    "nombre" : "Elizabeth",
    "apellido" : "Dennis Collins",
    "dni" : "7401330",
    "telefono" : "7397713075",
    "sexo" : "Femenino",
    "edad" : "21"
  },
  "Angelica" : {
    "email" : "rotary.bali.kuta@gmail.com",
    "nombre" : "Angelica",
    "apellido" : "Martha Perry",
    "dni" : "4689018",
    "telefono" : "6788211788",
    "sexo" : "Femenino",
    "edad" : "34"
  },
  "Martha" : {
    "email" : "info@islandconcepts.com",
    "nombre" : "Martha",
    "apellido" : "Joyce Turner",
    "dni" : "5304828",
    "telefono" : "1066380536",
    "sexo" : "Femenino",
    "edad" : "29"
  }
}
